<application>
  <component name="FileTypeManager" version="18">
    <ignoreFiles list=".git" />
    <extensionMap>
      <mapping pattern="life.js" type="AUTO_DETECTED" />
      <mapping ext="file" type="EditorConfig" />
      <mapping pattern="readMe" type="PLAIN_TEXT" />
      <mapping pattern="新增产品步骤" type="PLAIN_TEXT" />
      <mapping pattern="readeMe" type="PLAIN_TEXT" />
      <mapping pattern="使用方法" type="PLAIN_TEXT" />
      <mapping pattern="._whatevs" type="PLAIN_TEXT" />
      <mapping ext="csv" type="PLAIN_TEXT" />
      <mapping ext="md111" type="PLAIN_TEXT" />
      <mapping ext="js " type="PLAIN_TEXT" />
    </extensionMap>
  </component>
</application>