<application>
  <component name="HgRememberedInputs">
    <option name="visitedUrls">
      <list>
        <UrlAndUserName>
          <option name="url" value="https://github.com/tmpfs/async-validate.git" />
          <option name="userName" value="" />
        </UrlAndUserName>
      </list>
    </option>
    <option name="cloneParentDir" value="C:\Users\916864\WebstormProjects" />
  </component>
  <component name="Vcs.Log.App.Settings">
    <option name="SHOW_CHANGES_FROM_PARENTS" value="true" />
    <option name="COLUMN_ID_ORDER">
      <list>
        <option value="Default.Root" />
        <option value="Default.Subject" />
        <option value="Default.Author" />
        <option value="Default.Date" />
        <option value="Space.CommitStatus" />
      </list>
    </option>
  </component>
</application>